country,vaccines,avg_half_dose_efficacy,avg_full_dose_efficacy,population,total_vaccinations,people_semi_vaccinated,people_fully_vaccinated,total_confirmed_count,covid_count_6_months_ago,historical_r0_value,current_HIT,total_death_count,death_count_5_months_ago,health_care_index,normalized_health_care_index,percent_of_old_people,normalized_percent_of_old_people,natural_immunity,vaccinated_immunity,herd_immunity_achieved,total_vaccines_required,vaccine_priority,vaccines_required_priority_wise
Afghanistan,"{""Oxford/AstraZeneca""=>[76, 82.4]}",76,82.4,38928341,240000,239999,1,59745,41501,1.1416,12.4036,2625,1822,32.3,0.2392,2.6158,0.0413,165689.5,182399.824,0.8942,4480418,1.0,4480418
Albania,"{""Oxford/AstraZeneca""=>[76, 82.4], ""Pfizer/BioNTech""=>[60, 95], ""Sinovac""=>[50.38, 50.38], ""Sputnik V""=>[80, 91.6]}",66.595,79.845,2877800,476903,476149,716,131085,21202,1.405,28.8256,2394,822,52.9,0.5453,14.2026,0.4789,1028954.5,317663.11675000004,46.7933,0,0.0,0
Algeria,"{""Sputnik V""=>[80, 91.6]}",80,91.6,43851043,75000,0,75000,122108,58272,0.9841,-1.6157,3253,2447,23.6,0.11,6.5528,0.1899,598785.0,68700.0,1.5222,0,0.0,0
Andorra,"{""Oxford/AstraZeneca""=>[76, 82.4], ""Pfizer/BioNTech""=>[60, 95]}",68,88.7,77265,26414,21602,4834,13232,4825,0.7675,-30.2932,125,76,30.5,0.2125,0.0,-0.0575,79401.0,18976.758,127.3251,0,0.0,0
Angola,"{""Oxford/AstraZeneca""=>[76, 82.4]}",76,82.4,32866268,456349,456348,1,26652,11035,1.9717,49.2823,596,350,25.2,0.1337,2.1993,0.0255,146024.5,346824.824,1.4996,15704390,0.9266,14551688
Antigua and Barbuda,"{""Oxford/AstraZeneca""=>[76, 82.4]}",76,82.4,97928,29754,29753,1,1232,128,1.1998,16.6528,32,4,29.0,0.1902,9.055,0.2844,10222.0,22612.824,33.5296,0,0.0,0
Argentina,"{""Oxford/AstraZeneca""=>[76, 82.4], ""Sinopharm/Beijing""=>[62, 79.34], ""Sputnik V""=>[80, 91.6]}",72,84.44666666666667,45195777,7865213,6926650,938563,2977363,1173533,1.8797,46.8,63865,38928,58.6,0.63,11.2431,0.3671,16899483.5,5779773.168066666,50.18,0,0.0,0
Armenia,"{""Sputnik V""=>[80, 91.6]}",80,91.6,2963234,565,564,1,216064,92254,1.3705,27.0339,4108,2193,50.2,0.5052,11.4837,0.3762,1158002.5,451.916,39.0943,0,0.0,0
Australia,"{""Oxford/AstraZeneca""=>[76, 82.4], ""Pfizer/BioNTech""=>[60, 95]}",68,88.7,25499881,2179544,2179542,1,29811,27601,0.4004,-149.7502,910,908,75.5,0.8811,15.9212,0.5438,20976.0,1482088.887,5.8944,0,0.0,0
Austria,"{""Johnson&Johnson""=>[65, 65], ""Moderna""=>[80, 94.5], ""Oxford/AstraZeneca""=>[76, 82.4], ""Pfizer/BioNTech""=>[60, 95]}",70,84.225,9006400,3132228,2289754,842478,618870,109881,1.0049,0.4876,10205,3325,58.5,0.6285,19.0756,0.6629,4770035.5,2312404.0955,78.6379,0,0.0,0
Azerbaijan,"{""Sinovac""=>[50.38, 50.38]}",50.38,50.38,10139175,1488218,966132,522086,319109,56444,1.4616,31.5818,4517,1433,34.2,0.2675,6.4464,0.1859,2466019.5,749764.2284000001,31.7164,0,0.0,0
Bahamas,"{""Oxford/AstraZeneca""=>[76, 82.4]}",76,82.4,393248,25692,25691,1,10453,6714,1.5276,34.5378,199,163,30.6,0.214,7.4833,0.2251,35178.5,19525.824,13.9109,81115,0.5633,45692
Bahrain,"{""Oxford/AstraZeneca""=>[76, 82.4], ""Pfizer/BioNTech""=>[60, 95], ""Sinopharm/Beijing""=>[62, 79.34], ""Sputnik V""=>[80, 91.6]}",69,87.08500000000001,1701583,1235170,693423,541747,176934,81923,1.1647,14.141,646,341,39.4,0.3447,2.5188,0.0376,899707.0,950241.3749500001,108.7193,0,0.0,0
Bangladesh,"{""Oxford/AstraZeneca""=>[76, 82.4]}",76,82.4,164689383,8625350,5819656,2805694,759132,409252,1.48,32.4324,11450,6675,35.0,0.2793,5.1804,0.1381,3278497.5,6734829.856000001,6.0801,43399440,0.8548,37097841
Barbados,"{""Oxford/AstraZeneca""=>[76, 82.4]}",76,82.4,287371,74040,74039,1,3855,237,1.1138,10.2173,44,7,31.9,0.2333,16.231,0.5555,34019.5,56269.824,31.4191,0,0.0,0
Belarus,"{""Sputnik V""=>[80, 91.6]}",80,91.6,9449321,328500,244000,84500,358738,99459,1.0252,2.4581,2542,1166,35.3,0.2838,15.2008,0.5166,2450078.5,272602.0,28.8135,0,0.0,0
Belgium,"{""Johnson&Johnson""=>[65, 65], ""Moderna""=>[80, 94.5], ""Oxford/AstraZeneca""=>[76, 82.4], ""Pfizer/BioNTech""=>[60, 95]}",70,84.225,11589616,3823608,3005797,818162,990229,441018,0.8455,-18.2732,24230,16786,61.0,0.6657,19.0066,0.6603,5146786.5,2793153.9444999998,68.5091,0,0.0,0
Belize,"{""Oxford/AstraZeneca""=>[76, 82.4]}",76,82.4,397621,42100,42099,1,12668,3577,2.1587,53.6758,323,148,31.8,0.2318,4.8674,0.1263,84702.0,31995.824,29.349,96728,0.4973,48103
Bhutan,"{""Oxford/AstraZeneca""=>[76, 82.4]}",76,82.4,771612,480422,480421,1,1074,354,1.5891,37.0713,1,0,40.3,0.3581,6.093,0.1726,6830.5,365119.824,48.2043,0,0.0,0
Bolivia,"{""Oxford/AstraZeneca""=>[76, 82.4], ""Sinopharm/Beijing""=>[62, 79.34], ""Sputnik V""=>[80, 91.6]}",72,84.44666666666667,11673029,762044,547471,214573,303732,141833,1.7432,42.6342,12951,8963,35.8,0.2912,7.3386,0.2196,1500154.5,575378.7460666667,17.7806,2901168,0.5394,1564890
Bosnia and Herzegovina,"{""Oxford/AstraZeneca""=>[76, 82.4], ""Pfizer/BioNTech""=>[60, 95], ""Sinovac""=>[50.38, 50.38], ""Sputnik V""=>[80, 91.6]}",66.595,79.845,3280815,15000,14999,1,198461,51505,1.3281,24.7045,8551,2727,42.8,0.3952,17.2012,0.5921,1340754.0,9989.3825,41.171,0,0.0,0
Botswana,"{""Oxford/AstraZeneca""=>[76, 82.4]}",76,82.4,2351625,47160,47159,1,46934,6642,2.381,58.0008,712,34,31.1,0.2214,4.3659,0.1074,376333.0,35840.824,17.5272,951787,0.4994,475322
Brazil,"{""Oxford/AstraZeneca""=>[76, 82.4], ""Sinovac""=>[50.38, 50.38]}",63.19,66.39,212559409,42698862,29149512,13549350,14659011,5545705,1.6011,37.5429,403781,173817,59.7,0.6464,9.2516,0.2919,84391749.0,27414990.097799998,52.6002,0,0.0,0
Brunei,"{""Oxford/AstraZeneca""=>[76, 82.4]}",76,82.4,437483,10715,10714,1,224,148,0.1235,-709.7166,3,3,32.6,0.2437,0,0,722.0,8142.824,2.0263,0,0.0,0
Bulgaria,"{""Moderna""=>[80, 94.5], ""Oxford/AstraZeneca""=>[76, 82.4], ""Pfizer/BioNTech""=>[60, 95]}",72,90.63333333333333,6948445,815463,602109,213354,404380,54069,1.5844,36.8846,16399,4188,45.6,0.4368,21.253,0.7451,3211950.0,626887.842,55.2474,0,0.0,0
Cambodia,"{""Oxford/AstraZeneca""=>[76, 82.4], ""Sinopharm/Beijing""=>[62, 79.34], ""Sinovac""=>[50.38, 50.38]}",62.79333333333333,70.70666666666666,16718971,2284788,1339566,945222,13402,292,1.3659,26.7882,93,0,39.2,0.3418,4.7178,0.1206,123661.5,1509493.1124,9.7683,2845552,0.4546,1293588
Cameroon,"{""Sinopharm/Beijing""=>[62, 79.34]}",62,79.34,26545864,400,399,1,72250,22103,1.0781,7.2442,1107,441,34.4,0.2704,2.7236,0.0453,470069.5,247.7934,1.7717,1452722,0.4412,640941
Canada,"{""Moderna""=>[80, 94.5], ""Oxford/AstraZeneca""=>[76, 82.4], ""Pfizer/BioNTech""=>[60, 95]}",72,90.63333333333333,37742157,13420148,12330034,1090114,1228367,239649,0.8667,-15.3802,24220,12317,75.3,0.8782,17.6479,0.609,9279742.5,9865630.655333333,50.7268,0,0.0,0
Cape Verde,"{""Oxford/AstraZeneca""=>[76, 82.4]}",76,82.4,555988,2184,2183,1,23882,8848,1.5755,36.5281,217,106,0,0,0,0,141768.5,1659.824,25.797,59664,0.5554,33137
Chile,"{""Pfizer/BioNTech""=>[60, 95], ""Sinovac""=>[50.38, 50.38]}",55.19,72.69,19116209,14767327,8073642,6693685,1198245,511864,1.2937,22.7023,26353,15430,58.3,0.6256,11.8815,0.3912,6416851.0,9321482.6463,82.3298,0,0.0,0
China,"{""Sinopharm/Beijing""=>[62, 79.34], ""Sinopharm/Wuhan""=>[62, 79.34], ""Sinovac""=>[50.38, 50.38]}",58.126666666666665,69.68666666666667,1439323774,265064000,265063998,1,102494,91397,0.0502,-1892.0319,4845,4743,48.2,0.4755,11.4722,0.3757,104452.5,154072867.26766667,10.7118,0,0.0,0
Colombia,"{""Pfizer/BioNTech""=>[60, 95], ""Sinovac""=>[50.38, 50.38]}",55.19,72.69,50882884,4824078,3277767,1546311,2859724,1083321,1.7913,44.1746,73720,36934,44.2,0.416,8.7658,0.2735,16526361.5,2933013.0731999995,38.2435,3017915,0.4981,1503223
Congo,"{""Sinopharm/Beijing""=>[62, 79.34], ""Sputnik V""=>[80, 91.6]}",71,85.47,5518092,14297,14296,1,10678,5290,1.0936,8.5589,144,94,0,0,3.0169,0.0564,50711.0,10150.8547,1.103,411423,0.5893,242452
Costa Rica,"{""Pfizer/BioNTech""=>[60, 95]}",60,95,5094114,818884,538682,280202,250991,109971,1.6585,39.7046,3231,1731,45.1,0.4294,9.8804,0.3156,1325440.0,589400,37.5893,107756,0.4926,53081
Cote d'Ivoire,"{""Oxford/AstraZeneca""=>[76, 82.4]}",76,82.4,26378275,149037,149036,1,46036,20716,1.0284,2.7616,286,132,0,0,2.8731,0.051,239077.0,113267.824,1.3357,376128,0.586,220411
Croatia,"{""Moderna""=>[80, 94.5], ""Oxford/AstraZeneca""=>[76, 82.4], ""Pfizer/BioNTech""=>[60, 95]}",72,90.63333333333333,4105268,872726,682757,189969,332183,51495,1.4009,28.6173,7081,1861,53.3,0.5513,20.8601,0.7303,2616946.0,663760.237,79.9145,0,0.0,0
Cyprus,"{""Pfizer/BioNTech""=>[60, 95]}",60,95,875899,236265,176082,60183,65233,4563,1.1889,15.8886,308,49,43.0,0.3982,14.0483,0.473,573904.5,162822,84.1109,0,0.0,0
Czechia,"{""Johnson&Johnson""=>[65, 65], ""Moderna""=>[80, 94.5], ""Oxford/AstraZeneca""=>[76, 82.4], ""Pfizer/BioNTech""=>[60, 95]}",70,84.225,10708982,3156421,2152310,1005431,1630758,341644,1.4969,33.1953,29267,8407,0,0,0,0,12048413.0,2353441.25975,134.4839,0,0.0,0
Democratic Republic of Congo,"{""Oxford/AstraZeneca""=>[76, 82.4]}",76,82.4,89561404,1700,1699,1,29853,11373,1.2299,18.6926,766,335,0,0,2.7214,0.0453,171465.5,1291.824,0.1929,16568591,0.6795,11258358
Denmark,"{""Moderna""=>[80, 94.5], ""Oxford/AstraZeneca""=>[76, 82.4], ""Pfizer/BioNTech""=>[60, 95]}",72,90.63333333333333,5792203,1976312,1330183,646129,251249,47811,0.8976,-11.4082,2484,846,70.4,0.8053,19.9653,0.6965,1917100.0,1543339.2503333334,59.7431,0,0.0,0
Djibouti,"{""Oxford/AstraZeneca""=>[76, 82.4]}",76,82.4,988002,10246,10245,1,11100,5563,0.6873,-45.4969,143,61,23.2,0.104,4.6091,0.1165,51822.5,7786.824,6.0333,0,0.0,0
Dominica,"{""Oxford/AstraZeneca""=>[76, 82.4]}",76,82.4,71991,23055,18237,4818,174,50,0.6467,-54.6312,0,0,24.0,0.1159,0.0,-0.0575,1178.0,17830.032,26.4033,0,0.0,0
Dominican Republic,"{""Oxford/AstraZeneca""=>[76, 82.4], ""Sinovac""=>[50.38, 50.38]}",63.19,66.39,10847904,1935500,1143669,791831,266561,127332,1.0287,2.7899,3480,2333,38.3,0.3284,7.2984,0.2181,1311779.0,1248381.042,23.6005,0,0.0,0
Ecuador,"{""Oxford/AstraZeneca""=>[76, 82.4], ""Pfizer/BioNTech""=>[60, 95], ""Sinovac""=>[50.38, 50.38]}",62.126666666666665,75.92666666666666,17643060,861393,633421,227972,381862,169194,0.7315,-36.7054,18631,13501,50.1,0.5037,7.3722,0.2209,1971611.0,566614.8938,14.3865,0,0.0,0
Egypt,"{""Oxford/AstraZeneca""=>[76, 82.4], ""Sinopharm/Beijing""=>[62, 79.34]}",69,80.87,102334403,660000,659999,1,227552,107736,1.1334,11.7699,13339,6666,39.9,0.3522,5.2763,0.1417,1074858.5,455399.8087,1.4954,10514348,0.4948,5202499
El Salvador,"{""Oxford/AstraZeneca""=>[76, 82.4], ""Pfizer/BioNTech""=>[60, 95], ""Sinovac""=>[50.38, 50.38]}",62.126666666666665,75.92666666666666,6486201,875069,806790,68279,69198,34015,1.593,37.2254,2124,1120,44.2,0.416,8.4696,0.2623,324700.5,553073.7027333333,13.5329,1536743,0.4778,734256
Equatorial Guinea,"{""Sinopharm/Beijing""=>[62, 79.34]}",62,79.34,1402985,75518,64646,10872,7694,5088,1.0625,5.8824,112,85,16.2,0.0,2.4245,0.034,24500.5,48705.8448,5.2179,9323,0.5738,5350
Estonia,"{""Moderna""=>[80, 94.5], ""Oxford/AstraZeneca""=>[76, 82.4], ""Pfizer/BioNTech""=>[60, 95]}",72,90.63333333333333,1326539,459477,337137,122340,122019,4985,1.1596,13.7634,1161,121,57.0,0.6062,19.9918,0.6975,1101943.0,353618.82,109.7263,0,0.0,0
Eswatini,"{""Oxford/AstraZeneca""=>[76, 82.4]}",76,82.4,1160164,34897,34896,1,18458,5925,1.9292,48.165,671,122,0,0,4.0148,0.0941,113848.0,26520.824,12.0991,418424,0.6093,254946
Ethiopia,"{""Oxford/AstraZeneca""=>[76, 82.4]}",76,82.4,114963583,430000,215000,1,257442,96583,2.3173,56.8463,3688,1709,40.6,0.3626,3.5167,0.0753,1509360.0,163400.824,1.455,63679823,0.6051,38532661
Fiji,"{""Oxford/AstraZeneca""=>[76, 82.4]}",76,82.4,896444,56000,55999,1,117,34,0.5165,-93.6108,2,2,25.7,0.1412,5.6242,0.1549,788.5,42559.824,4.8356,0,0.0,0
Finland,"{""Moderna""=>[80, 94.5], ""Oxford/AstraZeneca""=>[76, 82.4], ""Pfizer/BioNTech""=>[60, 95]}",72,90.63333333333333,5540718,1831007,1664774,166233,86808,16291,0.7773,-28.6505,914,399,68.7,0.7801,22.1406,0.7786,665019.0,1349299.509,36.3548,0,0.0,0
France,"{""Johnson&Johnson""=>[65, 65], ""Moderna""=>[80, 94.5], ""Oxford/AstraZeneca""=>[76, 82.4], ""Pfizer/BioNTech""=>[60, 95]}",70,84.225,68147687,21518866,15226275,6300728,5677835,1460543,0.9471,-5.5855,104675,53596,68.2,0.7727,20.3914,0.7126,39579023.5,15965180.158,81.5056,0,0.0,0
Gabon,"{""Sinopharm/Beijing""=>[62, 79.34]}",62,79.34,2225728,8897,6895,2002,23075,8968,1.5086,33.7134,139,60,20.0,0.0565,3.5447,0.0763,133266.0,5862.3868,6.2509,611241,0.5678,347063
Gambia,"{""Oxford/AstraZeneca""=>[76, 82.4]}",76,82.4,2416664,20922,20921,1,5898,3672,2.1318,53.0913,174,123,34.2,0.2675,2.5609,0.0392,20662.5,15899.824,1.5129,1246477,0.4323,538852
Georgia,"{""Oxford/AstraZeneca""=>[76, 82.4]}",76,82.4,3989175,45338,45337,1,310310,40727,1.9074,47.5726,4110,1303,52.0,0.5319,15.0611,0.5113,2534372.0,34456.824,64.395,0,0.0,0
Germany,"{""Moderna""=>[80, 94.5], ""Oxford/AstraZeneca""=>[76, 82.4], ""Pfizer/BioNTech""=>[60, 95]}",72,90.63333333333333,83783945,28774580,22393183,6381397,3405365,544346,0.815,-22.6994,83097,17177,66.0,0.74,21.563,0.7568,26553440.5,21906763.814333335,57.8395,0,0.0,0
Ghana,"{""Oxford/AstraZeneca""=>[76, 82.4]}",76,82.4,31072945,846588,846587,1,92562,48124,1.2383,19.2441,779,323,35.5,0.2868,3.0973,0.0594,417829.0,643406.824,3.4153,4918474,0.4443,2185278
Greece,"{""Moderna""=>[80, 94.5], ""Oxford/AstraZeneca""=>[76, 82.4], ""Pfizer/BioNTech""=>[60, 95]}",72,90.63333333333333,10423056,3097693,2153560,944133,345033,40929,1.3329,24.9756,10381,2517,53.8,0.5587,21.9415,0.7711,2814280.0,2406262.209,50.0865,0,0.0,0
Grenada,"{""Oxford/AstraZeneca""=>[76, 82.4]}",76,82.4,112519,12764,11779,985,160,28,0.7241,-38.1025,1,0,27.5,0.1679,9.6774,0.308,1244.5,9763.64,9.7834,0,0.0,0
Guatemala,"{""Moderna""=>[80, 94.5], ""Oxford/AstraZeneca""=>[76, 82.4]}",78,88.45,17915567,170109,168211,1898,227671,108104,1.8442,45.7759,7524,4178,32.7,0.2452,4.929,0.1286,1104099.5,132882.781,6.9045,6964032,0.5114,3561406
Guinea,"{""Sputnik V""=>[80, 91.6]}",80,91.6,13132792,141294,94417,46877,22215,12195,0.8592,-16.3873,144,76,32.7,0.2452,2.9419,0.0536,94544.0,118472.332,1.622,0,0.0,0
Guyana,"{""Oxford/AstraZeneca""=>[76, 82.4]}",76,82.4,786559,126800,124000,2800,13283,4208,1.4094,29.0478,296,151,31.7,0.2303,6.7116,0.1959,84835.0,96547.2,23.0602,47096,0.536,25243
Honduras,"{""Moderna""=>[80, 94.5], ""Oxford/AstraZeneca""=>[76, 82.4]}",78,88.45,9904608,57639,55000,2639,212333,98212,1.7251,42.0323,5281,2918,27.6,0.1694,4.8282,0.1248,1061701.0,45234.1955,11.176,3056196,0.5394,1648512
Hungary,"{""Moderna""=>[80, 94.5], ""Oxford/AstraZeneca""=>[76, 82.4], ""Pfizer/BioNTech""=>[60, 95], ""Sinopharm/Beijing""=>[62, 79.34], ""Sputnik V""=>[80, 91.6]}",71,88.56800000000001,9660350,5971865,4023137,1948728,779348,79199,1.6104,37.9036,27540,4977,54.0,0.5617,19.6945,0.6863,6437067.0,4582376.41504,114.0688,0,0.0,0
Iceland,"{""Moderna""=>[80, 94.5], ""Oxford/AstraZeneca""=>[76, 82.4], ""Pfizer/BioNTech""=>[60, 95]}",72,90.63333333333333,341250,145261,109126,36204,6472,4890,0.3366,-197.0885,29,27,46.3,0.4473,15.1921,0.5162,15010.0,111382.89199999999,37.0382,0,0.0,0
India,"{""Covaxin""=>[81, 81], ""Oxford/AstraZeneca""=>[76, 82.4]}",78,81.7,1380004385,151998107,125376952,26621155,19164969,8229313,1.894,47.2017,211853,138122,46.5,0.4502,6.3779,0.1833,515941437.5,119543505.635,46.0495,15900411,0.4506,7164725
Indonesia,"{""Oxford/AstraZeneca""=>[76, 82.4], ""Sinovac""=>[50.38, 50.38]}",63.19,66.39,273523621,20068537,12422253,7646284,1668368,412784,1.4243,29.7901,45521,17081,56.6,0.6003,6.0503,0.171,11657868.0,12925989.618299998,8.9878,56899204,0.439,24978751
Iran,"{""Oxford/AstraZeneca""=>[76, 82.4], ""Sputnik V""=>[80, 91.6]}",78,87.0,83992953,1068123,858296,209827,2499077,620491,0.8684,-15.1543,71758,48628,37.7,0.3195,6.3585,0.1826,17626832.0,852019.49,22.0005,0,0.0,0
Iraq,"{""Oxford/AstraZeneca""=>[76, 82.4], ""Sinopharm/Beijing""=>[62, 79.34]}",69,80.87,40222503,298377,298376,1,1065199,475288,1.8589,46.2047,15465,12306,25.8,0.1426,3.3985,0.0708,5574144.0,205879.8087,14.3701,12804673,0.5412,6929889
Ireland,"{""Moderna""=>[80, 94.5], ""Oxford/AstraZeneca""=>[76, 82.4], ""Pfizer/BioNTech""=>[60, 95]}",72,90.63333333333333,4937796,1487043,1067378,419665,248870,62002,0.6998,-42.898,4903,2069,59.0,0.636,14.2228,0.4796,1748323.0,1148868.3783333334,58.6738,0,0.0,0
Israel,"{""Moderna""=>[80, 94.5], ""Pfizer/BioNTech""=>[60, 95]}",70,94.75,8655541,10497355,5404497,5092858,838481,315007,1.0794,7.3559,6363,2882,47.3,0.4621,12.2087,0.4035,4939933.5,8608629.955,156.5305,0,0.0,0
Italy,"{""Johnson&Johnson""=>[65, 65], ""Moderna""=>[80, 94.5], ""Oxford/AstraZeneca""=>[76, 82.4], ""Pfizer/BioNTech""=>[60, 95]}",70,84.225,60461828,19949067,14010883,5950469,4022653,709335,0.8154,-22.6392,120807,56361,56.2,0.5944,23.0121,0.8116,30864284.0,14819400.515250001,75.5579,0,0.0,0
Jamaica,"{""Oxford/AstraZeneca""=>[76, 82.4]}",76,82.4,2961161,135473,135472,1,45578,9131,1.394,28.264,778,258,29.0,0.1902,8.9224,0.2794,341306.5,102958.824,15.0031,392677,0.6051,237609
Japan,"{""Pfizer/BioNTech""=>[60, 95]}",60,95,126476458,3489719,2493961,995758,593264,101943,1.0137,1.3515,10199,2109,59.8,0.6478,28.002,1.0,4590694.5,2442346,5.5608,0,0.0,0
Jordan,"{""Pfizer/BioNTech""=>[60, 95], ""Sinopharm/Beijing""=>[62, 79.34]}",61,87.17,10203140,919922,699328,220594,711373,75866,2.1638,53.785,8836,2802,42.1,0.3848,3.8934,0.0895,5979993.5,618881.7898,64.6749,0,0.0,0
Kazakhstan,"{""Sputnik V""=>[80, 91.6]}",80,91.6,18776707,1559836,1293379,266457,375539,150380,1.4665,31.8104,3334,2434,40.7,0.364,7.6523,0.2315,2130460.5,1278777.612,18.1567,2563715,0.4866,1247504
Kenya,"{""Oxford/AstraZeneca""=>[76, 82.4], ""Sputnik V""=>[80, 91.6]}",78,87.0,53771300,853081,853080,1,159318,55877,1.7422,42.6013,2724,1474,47.1,0.4591,2.4238,0.034,970814.5,665402.87,3.0429,21271066,0.3589,7634186
Kosovo,"{""Oxford/AstraZeneca""=>[76, 82.4]}",76,82.4,1932774,22096,22095,1,103638,19328,1.3743,27.2357,2134,1026,0,0,0.0,-0.0575,790419.0,16792.824,41.7644,0,0.0,0
Kuwait,"{""Pfizer/BioNTech""=>[60, 95]}",60,95,4270563,1000000,955446,38556,273991,126534,1.3481,25.8215,1563,881,46.1,0.4443,2.7638,0.0469,1394362.5,609895,46.9319,0,0.0,0
Kyrgyzstan,"{""Sinopharm/Beijing""=>[62, 79.34]}",62,79.34,6524191,2100,2099,1,95275,58878,1.5036,33.493,1604,1275,0,0,0,0,342646.0,1301.7934,5.2719,1841198,0.5583,1027941
Laos,"{""Sinopharm/Beijing""=>[62, 79.34], ""Sputnik V""=>[80, 91.6]}",71,85.47,7275556,184387,126072,58315,757,24,1.7211,41.8976,0,0,43.1,0.3997,0,0,6963.5,139352.83049999998,2.0111,2901965,0.3384,982025
Latvia,"{""Johnson&Johnson""=>[65, 65], ""Moderna""=>[80, 94.5], ""Oxford/AstraZeneca""=>[76, 82.4], ""Pfizer/BioNTech""=>[60, 95]}",70,84.225,1886202,307770,255693,52098,118558,6136,1.3756,27.3044,2131,210,62.9,0.6939,20.3365,0.7105,1049759.5,222864.5405,67.4702,0,0.0,0
Lebanon,"{""Oxford/AstraZeneca""=>[76, 82.4], ""Pfizer/BioNTech""=>[60, 95], ""Sinopharm/Beijing""=>[62, 79.34], ""Sputnik V""=>[80, 91.6]}",69,87.08500000000001,6825442,461726,293260,168466,526578,82617,1.8177,44.9854,7278,1033,43.1,0.3997,7.2733,0.2172,4158302.0,349057.6161,66.0376,0,0.0,0
Lesotho,"{""Oxford/AstraZeneca""=>[76, 82.4]}",76,82.4,2142252,16000,15999,1,10731,1953,4.1035,75.6306,316,44,30.2,0.208,4.9258,0.1285,80807.0,12159.824,4.3397,1527231,0.5136,784386
Libya,"{""Oxford/AstraZeneca""=>[76, 82.4], ""Sinovac""=>[50.38, 50.38], ""Sputnik V""=>[80, 91.6]}",68.79333333333334,74.79333333333334,6871287,750,749,1,177508,62045,2.3588,57.6056,3029,1196,25.7,0.1412,4.4582,0.1108,1079485.0,516.01,15.7176,2878245,0.5434,1564038
Liechtenstein,"{""Moderna""=>[80, 94.5], ""Pfizer/BioNTech""=>[60, 95]}",70,94.75,38137,12219,8044,4175,2926,551,1.0299,2.9032,57,16,43.5,0.4056,0.0,-0.0575,22173.0,9585.8125,83.2756,0,0.0,0
Lithuania,"{""Johnson&Johnson""=>[65, 65], ""Moderna""=>[80, 94.5], ""Oxford/AstraZeneca""=>[76, 82.4], ""Pfizer/BioNTech""=>[60, 95]}",70,84.225,2722291,980398,685077,295321,247269,15698,1.4719,32.0606,3923,641,55.0,0.5765,20.1584,0.7038,2168745.5,728287.11225,106.4189,0,0.0,0
Luxembourg,"{""Moderna""=>[80, 94.5], ""Oxford/AstraZeneca""=>[76, 82.4], ""Pfizer/BioNTech""=>[60, 95]}",72,90.63333333333333,625976,191419,140495,50924,67205,17134,0.7775,-28.6174,796,330,43.8,0.4101,14.2749,0.4816,471247.5,147310.11866666668,98.8149,0,0.0,0
Malawi,"{""Oxford/AstraZeneca""=>[76, 82.4]}",76,82.4,19129955,296127,296126,1,34078,5932,2.2491,55.5378,1148,185,28.0,0.1753,2.642,0.0423,258238.5,225055.824,2.5264,10141057,0.4989,5059373
Malaysia,"{""Pfizer/BioNTech""=>[60, 95], ""Sinovac""=>[50.38, 50.38]}",55.19,72.69,32365998,1421664,877646,544018,408713,32505,1.1492,12.9829,1506,363,62.2,0.6835,6.9208,0.2038,3563117.5,879819.5116,13.7272,0,0.0,0
Maldives,"{""Oxford/AstraZeneca""=>[76, 82.4], ""Pfizer/BioNTech""=>[60, 95], ""Sinopharm/Beijing""=>[62, 79.34]}",66,85.58,540542,397875,296529,101346,29835,11701,1.8192,45.0308,73,47,33.8,0.2615,3.641,0.08,172026.0,282440.9068,84.0762,0,0.0,0
Mali,"{""Oxford/AstraZeneca""=>[76, 82.4]}",76,82.4,20250834,49903,49902,1,13858,3565,1.0212,2.076,484,160,29.0,0.1902,2.4951,0.0367,94705.5,37925.824,0.6549,287785,0.4703,135345
Malta,"{""Moderna""=>[80, 94.5], ""Oxford/AstraZeneca""=>[76, 82.4], ""Pfizer/BioNTech""=>[60, 95]}",72,90.63333333333333,441539,331438,225810,105628,30292,6182,1.1235,10.9924,413,141,37.3,0.3135,20.8172,0.7287,226461.0,258317.17733333333,109.7928,0,0.0,0
Mauritania,"{""Sinopharm/Beijing""=>[62, 79.34]}",62,79.34,4649660,7038,7037,1,18402,7704,3.6062,72.27,455,177,27.5,0.1679,3.1562,0.0617,98990.0,4362.7934,2.2228,3256957,0.5016,1633690
Mauritius,"{""Oxford/AstraZeneca""=>[76, 82.4]}",76,82.4,1271767,117323,117322,1,1209,446,0.3389,-195.0723,17,10,34.9,0.2779,11.9987,0.3956,7182.0,89164.824,7.5758,0,0.0,0
Mexico,"{""CanSino""=>[65.7, 81], ""Oxford/AstraZeneca""=>[76, 82.4], ""Pfizer/BioNTech""=>[60, 95], ""Sinovac""=>[50.38, 50.38], ""Sputnik V""=>[80, 91.6]}",66.416,80.076,128932753,17718806,11252088,6855157,2344755,929392,1.4593,31.474,216907,106765,57.6,0.6152,7.4167,0.2226,12399599.5,12962522.2854,19.6708,15218191,0.3624,5515072
Moldova,"{""Oxford/AstraZeneca""=>[76, 82.4]}",76,82.4,4033963,147315,130218,17097,250837,76582,1.1646,14.1336,5812,2323,42.9,0.3967,12.0131,0.3962,1622277.0,113052.928,43.018,0,0.0,0
Monaco,"{""Pfizer/BioNTech""=>[60, 95]}",60,95,39244,24390,12758,11632,2454,366,0.8644,-15.6872,32,3,32.7,0.2452,0.0,-0.0575,19560.5,18704,97.5041,0,0.0,0
Mongolia,"{""Oxford/AstraZeneca""=>[76, 82.4], ""Pfizer/BioNTech""=>[60, 95], ""Sinopharm/Beijing""=>[62, 79.34], ""Sputnik V""=>[80, 91.6]}",69,87.08500000000001,3278292,1208619,845693,362926,37285,349,2.0498,51.2148,115,0,49.5,0.4948,4.1893,0.1007,349799.5,899582.1071,38.1107,429591,0.3369,144729
Montenegro,"{""Sinopharm/Beijing""=>[62, 79.34], ""Sputnik V""=>[80, 91.6]}",71,85.47,628062,61745,40156,21589,97389,18714,1.6299,38.6465,1495,504,43.7,0.4086,15.3892,0.5237,737998.0,46962.1183,124.9813,0,0.0,0
Morocco,"{""Oxford/AstraZeneca""=>[76, 82.4], ""Sinopharm/Beijing""=>[62, 79.34]}",69,80.87,36910558,9315054,5054642,4260412,511249,222544,1.3296,24.7894,9023,5915,43.7,0.4086,7.3005,0.2182,2713171.5,6933097.1844,26.1342,0,0.0,0
Mozambique,"{""Sinopharm/Beijing""=>[62, 79.34]}",62,79.34,31255435,57305,57304,1,69917,12988,1.9487,48.6837,814,131,28.1,0.1768,2.8784,0.0512,534337.0,35528.7934,1.8233,14646422,0.5086,7449170
Myanmar,"{""Oxford/AstraZeneca""=>[76, 82.4]}",76,82.4,54409794,1040000,1000000,40000,142817,53405,2.1517,53.5251,3209,1972,43.4,0.4042,6.0117,0.1695,837662.5,792960.0,2.9969,27492290,0.4653,12792163
Namibia,"{""Oxford/AstraZeneca""=>[76, 82.4], ""Sinopharm/Beijing""=>[62, 79.34]}",69,80.87,2540916,20005,18837,1168,48351,12988,2.6263,61.9236,642,151,35.6,0.2883,3.6081,0.0787,331284.0,13941.5616,13.5867,1228200,0.4405,541022
Nepal,"{""Oxford/AstraZeneca""=>[76, 82.4], ""Sinopharm/Beijing""=>[62, 79.34]}",69,80.87,29136808,2091511,2091510,1,323187,173567,2.9014,65.5339,3279,1529,35.1,0.2808,5.7826,0.1609,1404765.0,1443141.8087,9.7743,16246568,0.5112,8305246
Netherlands,"{""Johnson&Johnson""=>[65, 65], ""Moderna""=>[80, 94.5], ""Oxford/AstraZeneca""=>[76, 82.4], ""Pfizer/BioNTech""=>[60, 95]}",70,84.225,17134873,5265860,4274156,973453,1522973,366351,0.9929,-0.7151,17398,9518,75.6,0.8826,19.6053,0.6829,10913049.0,3811799.78925,85.935,0,0.0,0
New Zealand,"{""Pfizer/BioNTech""=>[60, 95]}",60,95,4822233,232588,172564,60024,2613,1963,0.1466,-582.1282,26,25,54.0,0.5617,15.994,0.5465,6165.5,160560,3.4574,0,0.0,0
Nicaragua,"{""Oxford/AstraZeneca""=>[76, 82.4], ""Sputnik V""=>[80, 91.6]}",78,87.0,6624554,61625,61624,1,6898,5514,3.8182,73.8096,182,161,43.1,0.3997,5.458,0.1486,12948.5,48066.87,0.921,4828545,0.4223,2039095
Niger,"{""Sinopharm/Beijing""=>[62, 79.34]}",62,79.34,24206636,1366,1365,1,5228,1221,0.5378,-85.9427,191,75,32.2,0.2377,2.5967,0.0405,36964.5,846.7934,0.1562,0,0.0,0
Nigeria,"{""Oxford/AstraZeneca""=>[76, 82.4]}",76,82.4,206139587,1191563,1191562,1,165110,62964,1.466,31.7872,2063,1176,37.8,0.321,2.7431,0.0461,961960.5,905587.824,0.906,63658378,0.4788,30479631
North Macedonia,"{""Pfizer/BioNTech""=>[60, 95]}",60,95,2083380,61603,61602,1,152367,32436,1.2723,21.4022,4855,1792,39.1,0.3403,14.0854,0.4744,1110246.0,36961,55.0647,0,0.0,0
Norway,"{""Moderna""=>[80, 94.5], ""Oxford/AstraZeneca""=>[76, 82.4], ""Pfizer/BioNTech""=>[60, 95]}",72,90.63333333333333,5421242,1700785,1343500,357285,112970,20635,0.7068,-41.4827,756,334,64.6,0.7192,17.2727,0.5948,873173.5,1291139.305,39.9228,0,0.0,0
Oman,"{""Oxford/AstraZeneca""=>[76, 82.4], ""Pfizer/BioNTech""=>[60, 95]}",68,88.7,5106622,315691,253000,62691,193253,115734,1.3384,25.2839,2010,1430,43.1,0.3997,2.4486,0.0349,730920.5,227646.91700000002,18.7711,332584,0.3529,117369
Pakistan,"{""CanSino""=>[65.7, 81], ""Sinopharm/Beijing""=>[62, 79.34], ""Sinovac""=>[50.38, 50.38], ""Sputnik V""=>[80, 91.6]}",64.52000000000001,75.58,220892331,2100000,2099999,1,825519,335093,1.1771,15.0455,17957,8166,35.5,0.2868,4.3224,0.1057,4566032.5,1354920.1106,2.6805,27313337,0.4854,13257894
Palestine,"{""Moderna""=>[80, 94.5], ""Oxford/AstraZeneca""=>[76, 82.4], ""Pfizer/BioNTech""=>[60, 95]}",72,90.63333333333333,5101416,213989,170109,43880,296462,54060,2.036,50.8841,3249,747,0,0,0,0,2279050.0,162247.90666666668,47.8553,154512,0.555,85754
Panama,"{""Oxford/AstraZeneca""=>[76, 82.4], ""Pfizer/BioNTech""=>[60, 95]}",68,88.7,4314768,672846,482581,190125,364576,134336,1.1333,11.7621,6232,3098,43.7,0.4086,8.3138,0.2565,2157507.0,496795.875,61.5167,0,0.0,0
Papua New Guinea,"{""Oxford/AstraZeneca""=>[76, 82.4]}",76,82.4,8947027,2900,2899,1,10997,589,2.3552,57.5408,107,7,27.8,0.1724,3.5094,0.075,97926.0,2203.824,1.1191,5048065,0.5066,2557350
Paraguay,"{""Sputnik V""=>[80, 91.6]}",80,91.6,7132530,103994,92926,11068,279077,63731,2.002,50.05,6385,1771,35.7,0.2897,6.6208,0.1925,2001954.0,84478.288,29.2523,1483402,0.5026,745558
Peru,"{""Oxford/AstraZeneca""=>[76, 82.4], ""Pfizer/BioNTech""=>[60, 95], ""Sinopharm/Beijing""=>[62, 79.34]}",66,85.58,32971846,1594646,982573,612073,1799445,902503,1.2562,20.3948,61477,35966,49.2,0.4903,8.3935,0.2595,8278594.5,1172310.0733999999,28.6636,0,0.0,0
Philippines,"{""Oxford/AstraZeneca""=>[76, 82.4], ""Sinovac""=>[50.38, 50.38]}",63.19,66.39,109581085,1919851,1639806,280045,1037460,383113,1.344,25.5952,17234,8418,47.6,0.4666,5.315,0.1432,6132544.5,1222115.2869,6.7116,20692854,0.3977,8229548
Poland,"{""Johnson&Johnson""=>[65, 65], ""Moderna""=>[80, 94.5], ""Oxford/AstraZeneca""=>[76, 82.4], ""Pfizer/BioNTech""=>[60, 95]}",70,84.225,37846605,11470800,8597875,2872925,2792142,379902,1.5266,34.495,67502,17599,55.4,0.5825,18.1169,0.6267,22442201.5,8438233.08125,81.5937,0,0.0,0
Portugal,"{""Moderna""=>[80, 94.5], ""Oxford/AstraZeneca""=>[76, 82.4], ""Pfizer/BioNTech""=>[60, 95]}",72,90.63333333333333,10196707,3283985,2402517,881463,836493,144341,0.9536,-4.8658,16974,4577,60.3,0.6553,22.3567,0.7868,6457672.5,2528711.2989999996,88.1303,0,0.0,0
Qatar,"{""Pfizer/BioNTech""=>[60, 95]}",60,95,2881060,1556203,1027138,553240,205652,132720,0.9101,-9.878,458,238,41.2,0.3715,1.5232,0.0,690764.0,1141860,63.6094,0,0.0,0
Romania,"{""Moderna""=>[80, 94.5], ""Oxford/AstraZeneca""=>[76, 82.4], ""Pfizer/BioNTech""=>[60, 95]}",72,90.63333333333333,19237682,5161840,3255570,1906270,1055265,246663,1.2267,18.4805,28109,11530,45.8,0.4398,18.7901,0.6521,7524218.5,4071726.043333333,60.2772,0,0.0,0
Russia,"{""EpiVacCorona""=>[100, 100], ""Sputnik V""=>[80, 91.6]}",90,95.8,145934460,19834392,12299770,7534622,4750755,1624648,1.1836,15.512,108290,40050,44.3,0.4175,15.0941,0.5125,29049736.5,18287960.876000002,32.4376,0,0.0,0
Rwanda,"{""Moderna""=>[80, 94.5], ""Oxford/AstraZeneca""=>[76, 82.4], ""Pfizer/BioNTech""=>[60, 95]}",72,90.63333333333333,12952209,349871,349870,1,25116,5146,1.3488,25.86,335,49,34.2,0.2675,3.0283,0.0568,186998.0,251906.90633333335,3.3886,2910543,0.4412,1284132
Saint Kitts and Nevis,"{""Oxford/AstraZeneca""=>[76, 82.4]}",76,82.4,53192,11848,11847,1,44,19,0.2853,-250.5082,0,0,0,0,0,0,237.5,9003.824,17.3735,0,0.0,0
Saint Lucia,"{""Oxford/AstraZeneca""=>[76, 82.4]}",76,82.4,183629,24266,24264,1,4552,84,1.6655,39.958,74,2,0,0,0,0,41762.0,18440.824,32.785,13172,0.5549,7309
Saint Vincent and the Grenadines,"{""Oxford/AstraZeneca""=>[76, 82.4]}",76,82.4,110947,13852,13850,1,1864,75,1.566,36.143,11,0,0,0,0,0,16891.0,10526.824,24.7125,12682,0.5549,7037
Samoa,"{""Oxford/AstraZeneca""=>[76, 82.4]}",76,82.4,198410,5880,2940,1,3,0,0.375,-166.6667,0,0,26.4,0.1516,4.9331,0.1288,28.5,2234.824,1.1407,0,0.0,0
San Marino,"{""Pfizer/BioNTech""=>[60, 95], ""Sputnik V""=>[80, 91.6]}",70,93.3,33938,28970,20269,8701,5066,928,0.5981,-67.1961,90,46,31.1,0.2214,0.0,-0.0575,38893.0,22306.033,180.326,0,0.0,0
Sao Tome and Principe,"{""Oxford/AstraZeneca""=>[76, 82.4]}",76,82.4,219161,9724,9723,1,2302,949,4.432,77.4368,35,17,17.7,0.0223,2.9602,0.0543,12682.5,7389.824,9.1587,149639,0.5728,85713
Saudi Arabia,"{""Oxford/AstraZeneca""=>[76, 82.4], ""Pfizer/BioNTech""=>[60, 95]}",68,88.7,34813867,9214983,9214981,1,417363,347656,0.9442,-5.9098,6957,5907,49.3,0.4918,3.4129,0.0714,652241.5,6266187.887,19.8726,0,0.0,0
Senegal,"{""Sinopharm/Beijing""=>[62, 79.34]}",62,79.34,16743930,411343,411342,1,40344,15630,1.2251,18.374,1107,333,37.9,0.3224,3.0985,0.0595,227430.0,255032.7934,2.8814,2594070,0.4119,1068497
Serbia,"{""Oxford/AstraZeneca""=>[76, 82.4], ""Pfizer/BioNTech""=>[60, 95], ""Sinopharm/Beijing""=>[62, 79.34], ""Sputnik V""=>[80, 91.6]}",69,87.08500000000001,6804596,3514605,2026571,1488034,689557,48403,1.235,19.0283,6362,1652,52.3,0.5364,18.7405,0.6502,6046218.0,2694187.4089,128.4486,0,0.0,0
Seychelles,"{""Oxford/AstraZeneca""=>[76, 82.4], ""Sinopharm/Beijing""=>[62, 79.34]}",69,80.87,98340,126840,67680,59160,5873,153,2.8126,64.4457,28,0,31.9,0.2333,7.8055,0.2373,54074.0,94541.69200000001,151.1244,0,0.0,0
Sierra Leone,"{""Oxford/AstraZeneca""=>[76, 82.4]}",76,82.4,7976985,59786,54084,5702,4054,2366,1.1662,14.2514,79,74,38.2,0.3269,2.9477,0.0538,15988.5,45801.448000000004,0.7746,1075042,0.4045,434854
Singapore,"{""Moderna""=>[80, 94.5], ""Pfizer/BioNTech""=>[60, 95]}",70,94.75,5850343,2213888,1364124,849764,61145,58019,0.4434,-125.53,30,29,58.7,0.6315,12.3931,0.4105,29687.5,1760037.3900000001,30.5918,0,0.0,0
Slovakia,"{""Pfizer/BioNTech""=>[60, 95]}",60,95,5459643,1574773,1076421,498352,382211,59946,1.5777,36.6166,11684,868,47.9,0.471,0,0,2958765.5,1119286,74.6945,0,0.0,0
Slovenia,"{""Oxford/AstraZeneca""=>[76, 82.4], ""Pfizer/BioNTech""=>[60, 95]}",68,88.7,2078932,630710,425053,205657,240292,35649,1.4587,31.4458,4250,1490,67.2,0.7578,20.1863,0.7048,1917888.5,471453.759,114.9312,0,0.0,0
Solomon Islands,"{""Oxford/AstraZeneca""=>[76, 82.4]}",76,82.4,686878,4890,4889,1,20,8,0.6047,-65.3713,0,0,20.7,0.0669,3.6308,0.0796,114.0,3715.824,0.5576,0,0.0,0
Somalia,"{""Oxford/AstraZeneca""=>[76, 82.4], ""Sinopharm/Beijing""=>[62, 79.34]}",69,80.87,15893219,117567,117566,1,13915,3941,1.0697,6.5158,713,113,16.6,0.0059,2.8892,0.0516,89053.0,81120.8087,1.0707,865402,0.5812,502972
South Africa,"{""Johnson&Johnson""=>[65, 65]}",65,65,59308690,317656,158828,211770,1581210,726823,1.7293,42.1731,54350,21644,54.8,0.5736,5.4153,0.147,7805969.5,240888,13.5678,16965429,0.3356,5693598
South Korea,"{""Oxford/AstraZeneca""=>[76, 82.4], ""Pfizer/BioNTech""=>[60, 95]}",68,88.7,51269183,3554402,3326003,228399,122634,26732,0.6326,-58.0778,1831,526,70.2,0.8024,15.0602,0.5112,898671.5,2464271.913,6.5594,0,0.0,0
South Sudan,"{""Oxford/AstraZeneca""=>[76, 82.4]}",76,82.4,11193729,947,946,1,10583,2926,3.8513,74.0347,115,61,21.7,0.0817,3.3768,0.07,72228.5,718.824,0.6517,8214294,0.5567,4572897
Spain,"{""Johnson&Johnson""=>[65, 65], ""Moderna""=>[80, 94.5], ""Oxford/AstraZeneca""=>[76, 82.4], ""Pfizer/BioNTech""=>[60, 95]}",70,84.225,46754783,16364595,11700063,4682545,3524077,1185678,0.7453,-34.1742,78216,45511,65.9,0.7385,19.6478,0.6845,21904093.0,12133917.526250001,72.8011,0,0.0,0
Sri Lanka,"{""Oxford/AstraZeneca""=>[76, 82.4], ""Sinopharm/Beijing""=>[62, 79.34]}",69,80.87,21413250,953461,928107,25354,108146,11060,1.5504,35.5005,678,122,33.9,0.263,10.8388,0.3518,917035.0,660896.7798,7.369,6023868,0.6101,3675162
Sudan,"{""Oxford/AstraZeneca""=>[76, 82.4]}",76,82.4,43849269,140227,140226,1,33944,13804,1.7282,42.1363,2349,1255,26.2,0.1486,3.6273,0.0795,180937.0,106571.824,0.6557,18188940,0.5342,9716532
Suriname,"{""Oxford/AstraZeneca""=>[76, 82.4]}",76,82.4,586634,38351,38350,1,10363,5210,3.08,67.5325,204,117,36.5,0.3016,7.0151,0.2074,48127.0,29146.824,13.1724,318895,0.5029,160372
Sweden,"{""Oxford/AstraZeneca""=>[76, 82.4], ""Pfizer/BioNTech""=>[60, 95]}",68,88.7,10099270,3266894,2511121,755773,973604,124355,1.0557,5.2761,14048,6681,72.1,0.8306,20.1986,0.7053,7997879.0,2377932.651,102.7382,0,0.0,0
Switzerland,"{""Moderna""=>[80, 94.5], ""Pfizer/BioNTech""=>[60, 95]}",70,94.75,8654618,2629843,1703819,926024,659974,154251,0.8593,-16.3738,10632,4940,67.0,0.7548,18.838,0.6539,4750294.5,2070080.74,78.8062,0,0.0,0
Syria,"{""Sputnik V""=>[80, 91.6]}",80,91.6,17500657,2500,2499,1,22733,5789,1.7978,44.3765,1592,422,19.9,0.055,0,0,149853.0,1999.916,0.8677,7614326,0.5317,4048537
Taiwan,"{""Oxford/AstraZeneca""=>[76, 82.4]}",76,82.4,23816775,57884,57882,1,1128,558,0.2461,-306.3389,12,7,0,0,0,0,5367.5,43990.824,0.2072,0,0.0,0
Thailand,"{""Oxford/AstraZeneca""=>[76, 82.4], ""Sinovac""=>[50.38, 50.38]}",63.19,66.39,69799978,1477078,1095230,381848,65153,3787,0.871,-14.8106,203,60,73.2,0.847,12.4063,0.411,581618.5,945584.7242,2.188,0,0.0,0
Timor,"{""Oxford/AstraZeneca""=>[76, 82.4]}",76,82.4,1318442,2629,2628,1,2276,30,1.3408,25.4177,3,0,0,0,0,0,21308.5,1997.824,1.7677,311812,0.5552,173118
Togo,"{""Oxford/AstraZeneca""=>[76, 82.4]}",76,82.4,8278737,160000,159999,1,12967,2357,1.3672,26.8578,123,64,32.5,0.2422,2.8873,0.0515,100234.5,121599.824,2.6796,2001650,0.451,902744
Trinidad and Tobago,"{""Oxford/AstraZeneca""=>[76, 82.4]}",76,82.4,1399491,42455,42454,1,10824,5704,1.3938,28.2537,169,120,36.6,0.3031,11.1182,0.3624,48174.5,32265.824,5.7478,314968,0.5881,185233
Tunisia,"{""Pfizer/BioNTech""=>[60, 95], ""Sinovac""=>[50.38, 50.38], ""Sputnik V""=>[80, 91.6]}",63.46,78.99333333333333,11818618,372083,286387,85696,309119,61115,1.6378,38.9425,10722,3260,33.7,0.26,8.5935,0.267,2285149.0,249435.3171333333,21.4457,2067880,0.5607,1159460
Turkey,"{""Pfizer/BioNTech""=>[60, 95], ""Sinovac""=>[50.38, 50.38]}",55.19,72.69,84339067,22816891,13712254,9104637,4820591,377473,1.1197,10.6904,40131,13936,52.4,0.5379,8.7263,0.272,41960768.5,14185953.617899999,66.5726,0,0.0,0
Uganda,"{""Oxford/AstraZeneca""=>[76, 82.4]}",76,82.4,45741000,330077,330076,1,41866,12743,1.8773,46.732,342,205,44.3,0.4175,1.9626,0.0166,275367.0,250857.824,1.1504,20849480,0.3514,7326507
Ukraine,"{""Oxford/AstraZeneca""=>[76, 82.4], ""Pfizer/BioNTech""=>[60, 95], ""Sinovac""=>[50.38, 50.38]}",62.126666666666665,75.92666666666666,43733759,752553,752293,260,2124070,407573,1.5138,33.9411,45923,12962,38.0,0.3239,16.705,0.5734,15993592.0,467571.9738,37.6395,0,0.0,0
United Arab Emirates,"{""Oxford/AstraZeneca""=>[76, 82.4], ""Pfizer/BioNTech""=>[60, 95], ""Sinopharm/Beijing""=>[62, 79.34], ""Sinopharm/Wuhan""=>[62, 79.34], ""Sputnik V""=>[80, 91.6]}",68,85.53600000000002,9890400,10547584,6782031,3738730,520236,133907,1.0763,7.0891,1587,576,46.7,0.4532,1.1565,-0.0138,3660521.0,7809741.092800001,115.9737,0,0.0,0
United Kingdom,"{""Moderna""=>[80, 94.5], ""Oxford/AstraZeneca""=>[76, 82.4], ""Pfizer/BioNTech""=>[60, 95]}",72,90.63333333333333,67886004,48748962,34216087,14532875,4432246,1038056,0.8955,-11.6695,127775,59148,77.9,0.9168,18.5087,0.6415,31592848.5,37807211.041666664,102.2303,0,0.0,0
United States,"{""Johnson&Johnson""=>[65, 65], ""Moderna""=>[80, 94.5], ""Pfizer/BioNTech""=>[60, 95]}",68,84.83333333333333,331002647,240159677,141281234,100350628,32346971,9270467,0.9325,-7.2386,576232,273540,83.5,1.0,16.2096,0.5546,216351214.0,181202021.75333333,120.1058,0,0.0,0
Uruguay,"{""Oxford/AstraZeneca""=>[76, 82.4], ""Pfizer/BioNTech""=>[60, 95], ""Sinovac""=>[50.38, 50.38]}",62.126666666666665,75.92666666666666,3473727,1834137,1165669,668468,198428,3149,1.5889,37.0634,2616,78,41.3,0.373,14.9412,0.5067,1831039.5,1231736.7641999999,88.1697,0,0.0,0
Uzbekistan,"{""Oxford/AstraZeneca""=>[76, 82.4]}",76,82.4,33469199,600369,600368,1,90808,67156,1.0631,5.9355,649,611,34.3,0.2689,4.5952,0.116,224333.0,456279.824,2.0335,1305968,0.4713,615503
Venezuela,"{""Sputnik V""=>[80, 91.6]}",80,91.6,28435943,250000,249999,1,197683,92325,1.8685,46.4811,2136,901,23.0,0.101,7.611,0.2299,989168.5,199999.916,4.1819,12028176,0.6373,7665557
Vietnam,"{""Oxford/AstraZeneca""=>[76, 82.4]}",76,82.4,97338583,506435,506434,1,2928,1180,0.6413,-55.9333,35,35,49.1,0.4889,7.5537,0.2277,16606.0,384889.824,0.4125,0,0.0,0
Zambia,"{""Oxford/AstraZeneca""=>[76, 82.4]}",76,82.4,18383956,26580,26579,1,91586,16480,2.3199,56.8947,1251,357,28.7,0.1857,2.1153,0.0224,705014.0,20200.824,3.9448,9734286,0.4728,4602370
Zimbabwe,"{""Sinopharm/Beijing""=>[62, 79.34]}",62,79.34,14862927,500342,414735,85607,38257,8374,2.2739,56.0227,1567,277,38.2,0.3269,2.9806,0.055,271633.5,325055.59380000003,4.0146,7729926,0.4107,3174681
